{
   "botes": [
      {
         "model": 80,
         "make": "AZIMUT",
         "year": 2016,
         "cabins": 4,
         "bathrooms": 5,
         "guests": 13,
         "length": "80' 0",
         "beam": "20' 0",
         "fuelCapacity": 1585,
         "waterCapacity": 290,
         "cruiseVel": 0,
         "pictures": [
            "https://res.cloudinary.com/yachtimeapp/image/upload/v1654361998/Azimut%2080%27/Photo_01-03-22_6_41_51_p.m._c6armm.jpg",
            "https://res.cloudinary.com/yachtimeapp/image/upload/v1654361985/Azimut%2080%27/Photo_01-03-22_6_41_51_p.m._6_oo1skq.jpg",
            "https://res.cloudinary.com/yachtimeapp/image/upload/v1654361977/Azimut%2080%27/Photo_01-03-22_6_41_51_p.m._5_jqyoxz.jpg",
            "https://res.cloudinary.com/yachtimeapp/image/upload/v1654361970/Azimut%2080%27/Photo_01-03-22_6_41_51_p.m._4_u1kyhl.jpg",
            "https://res.cloudinary.com/yachtimeapp/image/upload/v1654361964/Azimut%2080%27/Photo_01-03-22_6_41_51_p.m._3_khxs9c.jpg",
            "https://res.cloudinary.com/yachtimeapp/image/upload/v1654361959/Azimut%2080%27/Photo_01-03-22_6_41_51_p.m._2_ihfjv3.jpg",
            "https://res.cloudinary.com/yachtimeapp/image/upload/v1654361955/Azimut%2080%27/Photo_01-03-22_6_41_51_p.m._1_jjexil.jpg",
            "https://res.cloudinary.com/yachtimeapp/image/upload/v1654361952/Azimut%2080%27/Photo_01-03-22_6_41_50_p.m._x2hksk.jpg",
            "https://res.cloudinary.com/yachtimeapp/image/upload/v1654361950/Azimut%2080%27/Photo_01-03-22_6_41_50_p.m._2_wsexiu.jpg",
            "https://res.cloudinary.com/yachtimeapp/image/upload/v1654361949/Azimut%2080%27/Photo_01-03-22_6_41_50_p.m._1_ny9dyr.jpg"
         ],
         "location": "Miami",
         "draft": "5' 7",
         "fuelType": "diesel",
         "description": "Azimut 80 stands out for its large side windows that allow light to reflect off the water and filter in to the interiors, enhancing the thrill of looking out to sea. The sun-pad in the bow comes with large cushions and sofas, for relaxing under the sun and enjoying beautiful sunsets at anchor. The living area behind the steering console of the flybridge is the ideal place to entertain guests and spend unforgettable days, between lunches at anchor, wonderful moments on the top deck, or charming evenings lying under the starry sky. The cockpit combines style and functionality with large and enveloping seats; a convivial place offering unforgettable moments by the sea.            The interior of the Azimut 80 is characterised by a new way of interpreting space. Extremely bright thanks to its large windows, the space opens onto the living room, designed for the pleasure of living and entertaining. The bow consists of a dining area, a fully equipped kitchen and a bright and sweeping staircase that leads below deck. The sophisticated and elegant sleeping area lies in the lower deck, and features soft, enveloping lines for the utmost relaxation of its guests. Charm and comfort are at home in every room, thanks to large wardrobes and luxurious en-suite bathrooms/spas. Each cabin features a private bathroom, for utmost peace and tranquillity. Guests will be able to take care of their complete well-being in silence, comfort and elegance. The master suite features alongside three beautiful en-suite guest cabins, two with a double bed and one with two twin beds. Welcoming and comfortable, they are marked by great attention to detail."
      },

      {
         "model": 115,
         "make": "leopard",
         "year": 2015,
         "cabins": 3,
         "bathrooms": 2,
         "guests": 13,
         "length": "112' 0",
         "beam": "0' 0",
         "fuelCapacity": 0,
         "waterCapacity": 0,
         "cruiseVel": 0,
         "pictures": [
            "https://res.cloudinary.com/yachtimeapp/image/upload/v1654301460/Leopard%20115%27/Photo_Dec_01_7_01_53_PM_qgxrs8.jpg",
            "https://res.cloudinary.com/yachtimeapp/image/upload/v1654301425/Leopard%20115%27/Photo_Dec_01_7_01_53_PM_1_wcj0pt.jpg",
            "https://res.cloudinary.com/yachtimeapp/image/upload/v1654301392/Leopard%20115%27/Photo_Dec_01_7_01_51_PM_ky7mim.jpg",
            "https://res.cloudinary.com/yachtimeapp/image/upload/v1654301360/Leopard%20115%27/Photo_Dec_01_7_01_51_PM_1_rzvnh3.jpg",
            "https://res.cloudinary.com/yachtimeapp/image/upload/v1654301328/Leopard%20115%27/Photo_Dec_01_7_01_49_PM_3_m4uslb.jpg",
            "https://res.cloudinary.com/yachtimeapp/image/upload/v1654301297/Leopard%20115%27/Photo_Dec_01_7_01_49_PM_1_v72ycb.jpg",
            "https://res.cloudinary.com/yachtimeapp/image/upload/v1654301240/Leopard%20115%27/Photo_Dec_01_7_01_47_PM_lbbvod.jpg",
            "https://res.cloudinary.com/yachtimeapp/image/upload/v1654301184/Leopard%20115%27/Photo_Dec_01_7_01_47_PM_4_fzvnwb.jpg",
            "https://res.cloudinary.com/yachtimeapp/image/upload/v1654301138/Leopard%20115%27/Photo_Dec_01_7_01_47_PM_3_k6ttqd.jpg",
            "https://res.cloudinary.com/yachtimeapp/image/upload/v1654301112/Leopard%20115%27/Photo_Dec_01_7_01_47_PM_2_ka2ltz.jpg",
            "https://res.cloudinary.com/yachtimeapp/image/upload/v1654301087/Leopard%20115%27/Photo_Dec_01_7_01_47_PM_1_dx1gwe.jpg",
            "https://res.cloudinary.com/yachtimeapp/image/upload/v1654301056/Leopard%20115%27/Photo_Dec_01_7_01_46_PM_vu2btd.jpg",
            "https://res.cloudinary.com/yachtimeapp/image/upload/v1654301033/Leopard%20115%27/Photo_Dec_01_7_01_45_PM_fd6g9y.jpg",
            "https://res.cloudinary.com/yachtimeapp/image/upload/v1654301011/Leopard%20115%27/Photo_Dec_01_7_01_44_PM_w2i0gp.jpg",
            "https://res.cloudinary.com/yachtimeapp/image/upload/v1654300990/Leopard%20115%27/Photo_Dec_01_7_01_44_PM_3_sp6art.jpg",
            "https://res.cloudinary.com/yachtimeapp/image/upload/v1654300970/Leopard%20115%27/Photo_Dec_01_7_01_44_PM_2_o0tqnq.jpg",
            "https://res.cloudinary.com/yachtimeapp/image/upload/v1654300951/Leopard%20115%27/Photo_Dec_01_7_01_44_PM_1_cyagzs.jpg"
         ],
         "location": "Miami",
         "draft": "0' 0",
         "fuelType": "diesel",
         "description": "This 115’ LEOPARD, is a pedigree yacht offering stunning luxury performance powered by her smooth jet drives and triple low hour M93 MTU engines. Fantastic exterior lounge areas from the bow to the upper sundeck and of course the aft deck with alfresco dining. This 115’ offers thrilling performance with luxury and style to provide you the ultimate yacht experience."
      },
      {
         "model": 120,
         "make": "tecomar",
         "year": 2016,
         "cabins": 5,
         "bathrooms": 4,
         "guests": 13,
         "length": "120' 0",
         "beam": "23' 0",
         "fuelCapacity": 5000,
         "waterCapacity": 1100,
         "cruiseVel": 28,
         "pictures": [
            "https://res.cloudinary.com/yachtimeapp/image/upload/v1654298956/Tecomar%20120%27/Double_Shot_-_Exterior9_vt3nvq.jpg",
            "https://res.cloudinary.com/yachtimeapp/image/upload/v1654298938/Tecomar%20120%27/Double_Shot_-_Exterior6_x7xpi6.jpg",
            "https://res.cloudinary.com/yachtimeapp/image/upload/v1654298922/Tecomar%20120%27/Double_Shot_-_Exterior53_mcdrfw.jpg",
            "https://res.cloudinary.com/yachtimeapp/image/upload/v1654298907/Tecomar%20120%27/Double_Shot_-_Exterior51_t9tg8t.jpg",
            "https://res.cloudinary.com/yachtimeapp/image/upload/v1654298893/Tecomar%20120%27/Double_Shot_-_Exterior48_qfnyim.jpg",
            "https://res.cloudinary.com/yachtimeapp/image/upload/v1654298880/Tecomar%20120%27/Double_Shot_-_Exterior42_adiwi0.jpg",
            "https://res.cloudinary.com/yachtimeapp/image/upload/v1654298863/Tecomar%20120%27/Double_Shot_-_Exterior4_u8jgxn.jpg",
            "https://res.cloudinary.com/yachtimeapp/image/upload/v1654298852/Tecomar%20120%27/Double_Shot_-_Exterior32_zbbhpe.jpg",
            "https://res.cloudinary.com/yachtimeapp/image/upload/v1654298842/Tecomar%20120%27/Double_Shot_-_Exterior28_dpd7ys.jpg",
            "https://res.cloudinary.com/yachtimeapp/image/upload/v1654298833/Tecomar%20120%27/Double_Shot_-_Exterior21_nnyqvf.jpg",
            "https://res.cloudinary.com/yachtimeapp/image/upload/v1654298825/Tecomar%20120%27/Double_Shot_-_Exterior12_a8l2ri.jpg",
            "https://res.cloudinary.com/yachtimeapp/image/upload/v1654298818/Tecomar%20120%27/Double_Shot_-_Exterior11_prqxkv.jpg",
            "https://res.cloudinary.com/yachtimeapp/image/upload/v1654298812/Tecomar%20120%27/Double_Shot_-_Exterior1_j7qvq5.jpg",
            "https://res.cloudinary.com/yachtimeapp/image/upload/v1654298807/Tecomar%20120%27/Double_Shot_-_35_gmyleo.jpg",
            "https://res.cloudinary.com/yachtimeapp/image/upload/v1654298803/Tecomar%20120%27/Double_Shot_-_30_t8dzhv.jpg",
            "https://res.cloudinary.com/yachtimeapp/image/upload/v1654298800/Tecomar%20120%27/Double_Shot_-_24_fy6adx.jpg",
            "https://res.cloudinary.com/yachtimeapp/image/upload/v1654298798/Tecomar%20120%27/Double_Shot_-_22_gjoilb.jpg",
            "https://res.cloudinary.com/yachtimeapp/image/upload/v1654298798/Tecomar%20120%27/Double_Shot_-_1_lwqr62.jpg"
         ],
         "location": "Miami",
         "draft": "0' 0",
         "fuelType": "diesel",
         "description": "The yacht can accommodate up to 13 guests in 5 cabins (double cabins; three with double beds, two with single beds and one Pullman bed in each), all below deck. It has a large main room with a TV, a huge sofa and a bar. The large sunbathing area and aft dining area offer guests space to relax and eat comfortably, even in the height of summer, thanks to the biminis, which can completely cover the area. A second living room in the Sportfly with sofas and loungers can be accessed from the main salon via a spiral staircase next to the sofa. For sun enthusiasts, there is a third large sunbathing area in the bow, easily accessible from the cockpit through a side door. The yacht is equipped with air conditioning throughout the ship and, therefore, guarantees the well-being of its guests even on days of wave or extreme heat."
      }
   ]
}
